Date,"Gold, US$/oz",Ounces,Tonnes,Value (USD),USA,Canada,Germany,Italy,Liechtenstein,Russia,Switzerland,UK,China,India,Japan,Thailand,Australia,South Africa,Turkey,UAE
3/31/2003,334.85," 264,542 ", 8.23 ," $88,581,916 ",,8.19720,,,,,,,,,,,0.03098,,,
4/30/2003,336.75," 327,270 ", 10.18 ," $110,208,200 ",,9.30812,,,,,,,,,,,0.87112,,,
5/30/2003,361.40," 377,927 ", 11.75 ," $136,582,848 ",,9.30812,,,,,,,,,,,2.44672,,,
6/30/2003,346.00," 392,496 ", 12.21 ," $135,803,645 ",,9.30812,,,,,,,,,,,2.89987,,,
7/31/2003,354.75," 411,731 ", 12.81 ," $146,061,602 ",,9.30812,,,,,,,,,,,3.49815,,,
8/29/2003,375.60," 430,196 ", 13.38 ," $161,581,649 ",,9.30812,,,,,,,,,,,4.07247,,,
9/30/2003,388.00," 494,894 ", 15.39 ," $192,018,904 ",,9.30812,,,,,,,,,,,6.08480,,,
10/31/2003,386.25," 532,605 ", 16.57 ," $205,718,713 ",,9.30812,,,,,,,,,,,7.25775,,,
11/28/2003,398.35," 556,958 ", 17.32 ," $221,864,252 ",,9.30812,,,,,,,,,,,8.01521,,,
12/31/2003,416.25," 1,332,672 ", 41.45 ," $554,724,615 ",,9.54782,,,,,,23.48494,,,,,8.41797,,,
1/30/2004,399.75," 1,358,936 ", 42.27 ," $543,234,757 ",,9.54782,,,,,,24.25691,,,,,8.46291,,,
2/27/2004,395.85," 1,513,082 ", 47.06 ," $598,953,446 ",,12.60796,,,,,,25.80629,,,,,8.64786,,,
3/31/2004,423.70," 1,958,298 ", 60.91 ," $829,730,654 ",,12.60796,,,,,,40.10678,,,,,8.19511,,,
4/30/2004,388.50," 2,794,981 ", 86.93 ," $1,085,849,935 ",,16.59419,,,,,,62.20005,,,,,8.13938,,,
5/28/2004,393.25," 2,214,385 ", 68.88 ," $870,806,806 ",,16.59419,,,,,,44.20530,,,,,8.07558,,,
6/30/2004,395.80," 2,114,096 ", 65.76 ," $836,759,279 ",,16.59419,,,,,,41.08759,,,,,8.07396,,,
7/30/2004,391.40," 2,093,361 ", 65.11 ," $819,341,318 ",,16.59419,,,,,,38.28300,,,,,10.23360,,,
8/31/2004,407.25," 2,022,544 ", 62.91 ," $823,680,897 ",,16.59419,,,,,,38.30263,,,,,8.01132,,,
9/30/2004,415.65," 2,048,743 ", 63.72 ," $851,559,998 ",,16.59419,,,,,,39.07248,,,,,8.05636,,,
10/29/2004,425.55," 2,388,898 ", 74.30 ," $1,016,595,411 ",,16.59419,,,,,,50.25427,,,,,7.45457,,,
11/30/2004,453.40," 5,712,442 ", 177.68 ," $2,590,021,098 ",103.57178,16.59419,,,,,,47.31027,,,,,7.45308,2.74749,,
12/31/2004,435.60," 5,571,774 ", 173.30 ," $2,427,064,938 ",94.85696,16.82721,,,,,,51.09542,,,,,7.52673,2.99523,,
1/31/2005,422.15," 7,480,828 ", 232.68 ," $3,158,031,689 ",153.12124,19.81315,,,,,,49.22594,,,,,7.52524,2.99421,,
2/28/2005,435.45," 8,985,554 ", 279.48 ," $3,912,759,473 ",204.83045,19.81315,,,,,,44.32135,,,,,7.52371,2.99331,,
3/31/2005,427.50," 8,514,481 ", 264.83 ," $3,639,940,581 ",185.80771,19.81315,,,,,,48.81886,,,,,7.52219,2.86805,,
4/29/2005,435.70," 8,637,494 ", 268.66 ," $3,763,356,311 ",191.32720,19.81315,,,,,,46.75899,,,,,7.88961,2.86715,,
5/31/2005,414.45," 8,590,366 ", 267.19 ," $3,560,277,227 ",191.57970,19.81315,,,,,,45.04320,,,,,7.88806,2.86615,,
6/30/2005,437.10," 8,463,449 ", 263.24 ," $3,699,373,528 ",187.79475,19.81315,,,,,,44.88365,,,,,7.88594,2.86519,,
7/29/2005,429.00," 8,944,460 ", 278.20 ," $3,837,173,204 ",201.52977,19.81315,,,,,,46.11316,,,,,7.88343,2.86429,,
8/31/2005,433.25," 9,161,029 ", 284.94 ," $3,969,015,676 ",208.28646,19.81315,,,,,,46.09641,,,,,7.88056,2.86326,,
9/30/2005,473.25," 9,670,258 ", 300.78 ," $4,576,449,713 ",223.25591,19.81315,,,,,,46.94273,,,,,7.90458,2.86230,,
10/31/2005,470.75," 9,884,468 ", 307.44 ," $4,653,113,472 ",226.89943,19.81315,,,,,,49.83750,,,,,8.02992,2.86133,,
11/30/2005,495.65," 10,806,494 ", 336.12 ," $5,356,238,613 ",248.81488,19.81315,,,,,,56.35151,,,,,8.15574,2.98425,,
12/30/2005,513.00," 12,357,736 ", 384.37 ," $6,339,518,738 ",285.44094,19.81315,,,,,,63.01937,,,,,8.40606,7.68906,,
1/31/2006,568.75," 14,968,553 ", 465.57 ," $8,513,364,295 ",362.30453,19.98044,,,,,,65.32938,,,,,8.54024,9.41944,,
2/28/2006,556.00," 15,644,769 ", 486.61 ," $8,698,491,512 ",377.52633,19.98044,,,,,,70.05254,,,,,8.76456,10.28284,,
3/31/2006,582.00," 15,993,220 ", 497.44 ," $9,308,054,268 ",383.28364,19.98044,,,,,4.20000,70.65052,,,,,8.80340,10.52675,,
4/28/2006,644.00," 16,763,782 ", 521.41 ," $10,795,875,620 ",397.54962,19.98044,,,,,8.00000,76.04554,,,,,9.06542,10.77089,,
5/31/2006,653.00," 16,544,694 ", 514.60 ," $10,803,685,144 ",387.85058,20.52397,,,,,10.00000,76.01782,,,,,9.31453,10.89060,,
6/30/2006,613.50," 17,564,690 ", 546.32 ," $10,775,937,069 ",413.05949,20.52397,,,,,14.00000,78.23712,,,,,9.61530,10.88703,,
7/31/2006,632.50," 18,033,031 ", 560.89 ," $11,405,892,309 ",426.84162,20.52397,,,,,14.00000,78.21032,,,,,9.68948,11.62458,,
8/31/2006,623.50," 18,280,136 ", 568.58 ," $11,397,665,024 ",435.19890,20.52397,,,,,15.00000,78.18351,,,,,9.77784,9.89156,,
9/29/2006,599.25," 18,140,108 ", 564.22 ," $10,870,459,791 ",429.49615,20.52397,,,,,15.00000,78.15844,,,,,9.95367,9.88820,1.20000,
10/31/2006,603.75," 18,386,823 ", 571.89 ," $11,101,044,371 ",431.20417,21.86018,,,,,14.00000,83.66607,,,,,10.07877,9.88493,1.20000,
11/30/2006,646.70," 20,378,908 ", 633.85 ," $13,179,039,867 ",484.14599,21.86018,,,,,16.00000,90.32372,,,,,10.44330,9.88170,1.20000,
12/29/2006,632.00," 20,674,900 ", 643.06 ," $13,066,536,523 ",497.70358,21.86018,,,,,16.00000,85.41841,,,,,10.53086,10.24822,1.30000,
1/31/2007,650.50," 20,659,900 ", 642.59 ," $13,439,265,243 ",493.97960,23.92552,,,,,16.00000,86.47557,,,,,10.66918,10.24486,1.30000,
2/28/2007,664.20," 21,731,257 ", 675.92 ," $14,433,901,125 ",525.58663,23.92552,,,,,16.00000,87.07059,,,,,11.30017,10.73474,1.30000,
3/30/2007,661.75," 21,910,850 ", 681.50 ," $14,499,504,663 ",528.66076,23.92552,,,,,16.00000,88.84528,,,,,11.42499,11.34705,1.30000,
4/30/2007,677.00," 22,334,968 ", 694.70 ," $15,120,773,418 ",538.04064,23.92552,,,,,16.00000,91.16355,,1.37382,,,11.54819,11.34344,1.30000,
5/31/2007,659.10," 21,647,833 ", 673.32 ," $14,268,086,688 ",514.15581,23.92552,,,,,16.00000,91.72353,,1.48371,,,11.91711,12.81718,1.30000,
6/29/2007,650.50," 21,835,828 ", 679.17 ," $14,204,206,117 ",510.28831,23.92552,,,,,21.70000,95.01020,,1.48371,,,12.28031,13.18212,1.30000,
7/31/2007,665.50," 23,069,796 ", 717.55 ," $15,352,949,316 ",543.05259,23.92552,,,,,22.10900,96.89942,,3.49874,,,12.48021,14.28539,1.30000,
8/31/2007,672.00," 23,855,871 ", 742.00 ," $16,031,145,037 ",562.71449,23.92552,,,,,23.19712,98.34133,,3.43729,,,12.71302,16.37175,1.30000,
9/28/2007,743.00," 26,326,784 ", 818.85 ," $19,560,800,254 ",628.05233,23.92552,,,,,23.88588,106.23768,,3.43729,,,14.29696,17.71884,1.30000,
10/31/2007,789.50," 27,438,996 ", 853.45 ," $21,663,087,555 ",649.84504,26.17906,,,,,24.37632,114.82430,,3.53372,,,15.06229,18.32744,1.30000,
11/30/2007,783.50," 27,803,904 ", 864.80 ," $21,784,358,455 ",655.79653,26.17906,,,,,25.86794,116.12525,,4.48730,,,15.85994,19.18204,1.30000,
12/31/2007,833.75," 29,022,560 ", 902.70 ," $24,197,559,725 ",683.08524,26.62143,2.50000,,,,27.34287,117.19188,,4.56217,,,16.37853,23.72041,1.30000,
1/31/2008,923.25," 29,826,268 ", 927.70 ," $27,537,101,767 ",691.00742,26.62143,3.50000,,,,29.62001,126.63373,,4.22467,,,17.64251,27.15085,1.30000,
2/29/2008,971.50," 30,427,873 ", 946.41 ," $29,560,678,550 ",699.37517,26.62143,4.79000,,,,31.10092,133.17290,,4.01761,,,19.01517,27.01943,1.30000,
3/31/2008,933.50," 31,308,923 ", 973.82 ," $29,226,879,374 ",706.10420,26.62143,6.47000,,,,32.58100,147.08905,,4.05471,,,20.62213,28.97382,1.30000,
4/30/2008,871.00," 29,372,319 ", 913.58 ," $25,583,289,481 ",643.26268,27.41196,6.90000,,,,35.25000,147.43958,,4.09644,,,20.91892,27.00164,1.30000,
5/30/2008,885.75," 30,067,495 ", 935.20 ," $26,632,283,641 ",658.98938,27.41196,7.37000,,,,37.02500,150.00773,,4.09644,,,20.90689,28.09624,1.30000,
6/30/2008,930.25," 31,517,993 ", 980.32 ," $29,319,612,531 ",705.39258,27.41196,7.51500,,,,39.00476,155.99264,,4.74740,,,10.86815,28.08666,1.30000,
7/31/2008,918.00," 33,566,396 "," 1,044.03 "," $30,813,951,848 ",734.61972,29.50824,8.53500,,,,49.10152,174.93981,,4.99859,,,10.86815,30.16061,1.30000,
8/29/2008,833.00," 32,895,314 "," 1,023.16 "," $27,401,796,317 ",710.87948,29.50824,11.14500,,,,51.56426,174.70381,,4.99859,,,10.86855,28.19070,1.30000,
9/30/2008,884.50," 36,293,719 "," 1,128.86 "," $32,101,794,069 ",818.73626,29.50824,11.64500,,,,58.97954,164.09615,,5.97523,,,12.39925,26.22116,1.30000,
10/31/2008,730.75," 37,600,703 "," 1,169.51 "," $27,476,713,617 ",813.73286,31.76894,15.79700,,,,94.38256,168.88194,,5.84475,,,11.59230,26.21224,1.30000,
11/28/2008,814.50," 38,113,683 "," 1,185.47 "," $31,043,594,433 ",823.54037,31.76894,18.65700,,,,98.93196,166.97998,,5.84475,,,11.50648,26.93857,1.30000,
12/31/2008,869.75," 39,470,545 "," 1,227.67 "," $34,329,506,939 ",847.00594,32.76197,19.97100,,,,107.64105,175.04022,,5.51573,,,11.50648,26.92880,1.30000,
1/30/2009,919.50," 42,860,251 "," 1,333.10 "," $39,410,000,724 ",912.33472,32.76197,22.08900,,,,121.93994,196.77683,,5.51573,,,12.48621,27.89842,1.30000,
2/27/2009,952.00," 49,940,240 "," 1,553.32 "," $47,543,108,931 ",1097.09754,32.76197,25.24100,,,,144.04594,206.94574,,5.32922,,,12.48621,28.62350,0.78400,
3/31/2009,916.50," 54,203,406 "," 1,685.91 "," $49,677,421,744 ",1195.22945,32.76197,28.38100,,,,166.99605,214.93709,,4.95850,,,12.48621,29.22461,0.78400,0.15552
4/30/2009,883.25," 54,340,342 "," 1,690.17 "," $47,996,107,152 ",1172.82719,39.05616,29.77500,,,,183.75634,216.68793,,4.88312,,,13.39960,28.35872,1.27400,0.15552
5/29/2009,975.50," 55,681,407 "," 1,731.89 "," $54,317,212,981 ",1187.72216,49.78686,30.13300,,,,191.69615,220.52323,,4.88312,,,13.50012,32.01521,1.47000,0.15552
6/30/2009,934.50," 56,289,437 "," 1,750.80 "," $52,602,479,149 ",1191.32761,50.81327,30.81800,,,,197.30636,222.15344,,5.79121,,,13.72211,37.25469,1.45500,0.15552
7/31/2009,939.00," 55,064,466 "," 1,712.70 "," $51,705,533,263 ",1145.14987,50.81327,31.71100,,,,205.05791,215.86493,,5.89847,,,13.73318,42.85717,1.45500,0.15552
8/31/2009,955.50," 55,610,952 "," 1,729.69 "," $53,136,264,371 ",1135.31242,50.81327,32.67500,,,,210.86652,234.78576,,6.01388,,,13.79778,43.81880,1.45500,0.15552
9/30/2009,995.75," 57,754,135 "," 1,796.35 "," $57,508,679,627 ",1173.11555,50.81327,34.17700,,,,219.19502,247.01003,,6.32765,,,14.32358,49.78176,1.45500,0.15552
10/30/2009,1040.00," 59,252,261 "," 1,842.95 "," $61,622,351,298 ",1189.26932,50.81327,35.26600,,,,256.10828,236.54522,,6.32765,,,14.31897,52.69208,1.45500,0.15552
11/30/2009,1175.75," 60,377,309 "," 1,877.94 "," $70,988,620,739 ",1218.49132,52.97008,36.11800,,,,255.96000,237.63823,,6.91008,,,14.71850,53.52749,1.45500,0.15552
12/31/2009,1087.50," 60,194,293 "," 1,872.25 "," $65,461,294,047 ",1222.43090,53.30863,36.09100,,,,249.21038,233.63789,,7.80732,,,15.13338,53.02179,1.45500,0.15552
1/29/2010,1078.50," 59,434,932 "," 1,848.63 "," $64,100,574,548 ",1200.85806,53.30863,36.02600,,,,253.08347,228.73693,,7.80732,,,15.29352,51.90859,1.45500,0.15552
2/26/2010,1108.25," 59,672,467 "," 1,856.02 "," $66,132,011,296 ",1194.02783,56.54746,35.48800,,,,260.74775,232.07412,,8.58760,,,15.28894,51.64897,1.45500,0.15552
3/31/2010,1115.50," 61,210,961 "," 1,903.87 "," $68,280,827,207 ",1228.03253,56.54746,40.47700,,,,275.84902,227.11975,,9.75850,,,15.28354,49.19539,1.45500,0.15552
4/30/2010,1179.25," 62,635,699 "," 1,948.19 "," $73,863,148,446 ",1259.45686,56.54746,41.36000,,,,279.88314,235.30513,,10.03321,,,14.81244,49.17926,1.45500,0.15552
5/28/2010,1207.50," 68,108,248 "," 2,118.40 "," $82,240,709,983 ",1382.22400,56.54746,46.49400,,0.59905,,297.43489,263.50032,,10.03321,,,14.81069,45.14918,1.45500,0.15552
6/30/2010,1244.00," 70,793,667 "," 2,201.93 "," $88,067,321,605 ",1438.22903,55.76708,47.56931,,0.61011,,311.68519,272.18540,,10.08025,,,14.80275,49.38952,1.45500,0.15552
7/30/2010,1169.00," 69,966,788 "," 2,188.09 "," $81,791,174,774 ",1406.92982,61.07807,49.89527,,0.59662,,313.23157,267.99424,,10.08025,12.74843,,14.79801,49.13012,1.45500,0.15552
8/31/2010,1246.00," 71,732,707 "," 2,242.23 "," $89,378,953,212 ",1435.16748,65.70770,57.75537,,0.58552,,321.17359,271.23434,,12.64109,11.96060,,14.79294,49.59885,1.45500,0.15552
9/30/2010,1307.00," 72,920,816 "," 2,278.48 "," $95,307,506,380 ",1453.42990,65.99482,59.72908,,0.61082,,334.49681,272.70990,,14.73324,11.40238,,14.78819,48.97522,1.45500,0.15552
10/29/2010,1346.75," 72,778,943 "," 2,273.72 "," $98,015,042,124 ",1445.06094,65.56035,60.89399,,0.63334,,333.45954,275.98585,0.53138,14.73324,11.06583,,14.62310,49.56681,1.45500,0.15552
11/30/2010,1383.50," 73,062,781 "," 2,282.07 "," $101,082,357,341 ",1445.06019,65.79098,62.53954,,0.67357,,333.25480,282.28851,1.09899,13.96689,10.77189,,14.00455,51.00659,1.45500,0.15552
12/31/2010,1405.50," 73,722,467 "," 2,301.81 "," $103,616,926,885 ",1451.17534,65.79046,63.62727,,0.75136,,341.81288,284.40970,1.21923,16.11553,10.60328,,13.70126,50.98917,1.45500,0.15552
1/31/2011,1327.00," 71,557,520 "," 2,234.76 "," $94,956,829,257 ",1392.33439,65.34646,62.72675,,0.67291,,342.76026,276.45835,1.22560,16.57377,11.23053,,13.10508,50.72915,1.44000,0.15552
2/28/2011,1411.00," 71,194,644 "," 2,222.64 "," $100,455,643,246 ",1384.44105,64.95542,63.99635,,0.75344,,346.80225,269.26393,1.25639,16.41148,10.56195,,13.10105,49.50056,1.44000,0.15552
3/31/2011,1439.00," 72,059,700 "," 2,246.85 "," $103,693,908,899 ",1393.44015,65.11318,67.15496,,0.79467,,356.68452,270.47555,1.66993,18.19266,10.35643,,13.09659,48.27104,1.44000,0.15552
4/29/2011,1535.50," 73,609,009 "," 2,293.82 "," $113,026,632,808 ",1421.24506,65.34252,71.90482,,0.87490,,365.89505,274.68738,1.81839,18.19266,9.70557,,13.09242,49.46790,1.44000,0.15552
5/31/2011,1536.50," 73,123,512 "," 2,278.21 "," $112,354,275,855 ",1405.32642,71.70338,70.30304,,0.76104,,367.27094,271.74149,1.85644,17.07003,9.69926,,13.13102,47.75410,1.44000,0.15552
6/30/2011,1505.50," 73,858,752 "," 2,301.28 "," $111,194,351,777 ",1410.13493,71.71860,72.80050,,0.73586,,371.55795,276.60469,1.85909,23.09827,9.89898,,13.17094,48.10184,1.44000,0.15552
7/29/2011,1628.50," 77,182,862 "," 2,403.93 "," $125,692,290,554 ",1478.68030,72.70407,78.48608,,0.82227,,390.59284,285.61420,1.83896,23.09827,9.15131,,13.26253,48.08629,1.44000,0.15552
8/31/2011,1813.50," 77,423,322 "," 2,409.70 "," $140,407,194,578 ",1460.02675,73.23526,79.38489,,0.82352,,399.96604,298.34350,2.08466,27.37953,8.21776,,12.99321,45.64808,1.44000,0.15552
9/30/2011,1620.00," 77,093,387 "," 2,399.86 "," $124,891,286,661 ",1456.32133,73.57494,81.34405,,0.68903,,396.47102,294.78584,2.33928,25.93342,9.19933,,13.05809,44.54391,1.44000,0.15552
10/31/2011,1722.00," 78,974,354 "," 2,457.68 "," $135,993,837,356 ",1482.07113,73.56021,81.96180,,0.73144,,413.90876,300.74503,2.32090,34.92367,8.65442,1.88440,12.85224,42.47211,1.44000,0.15552
11/30/2011,1746.00," 81,940,659 "," 2,550.25 "," $143,068,390,530 ",1544.80396,95.31284,82.53349,,0.72268,,415.98457,310.80768,2.51171,32.36436,8.53546,1.24723,12.63300,41.00682,1.63200,0.15552
12/30/2011,1531.00," 81,391,397 "," 2,533.85 "," $124,610,228,614 ",1500.19676,105.62985,81.56370,,0.72198,,423.08876,321.49125,2.70263,32.36436,9.73410,1.17812,12.40153,40.99345,1.63200,0.15552
1/31/2012,1744.00," 82,165,390 "," 2,556.58 "," $143,296,439,622 ",1521.98543,105.57980,83.27738,,0.73915,,427.28405,315.33000,2.69632,34.96459,8.54525,1.19165,12.82634,40.37480,1.63200,0.15552
2/29/2012,1770.00," 83,505,137 "," 2,598.29 "," $147,804,092,944 ",1550.71726,105.85905,87.27374,,0.73915,,438.23261,314.63751,2.78716,34.50202,8.41972,1.10554,12.48626,39.75771,1.61500,0.15552
3/30/2012,1662.50," 83,806,103 "," 2,608.66 "," $139,327,646,003 ",1548.99260,106.10107,87.26464,,0.73915,,448.51861,315.56275,2.98409,34.50202,8.96416,1.09426,12.30442,39.86564,1.61500,0.15552
4/30/2012,1651.25," 83,781,655 "," 2,608.02 "," $138,344,458,396 ",1539.66581,106.04564,86.75597,,0.73915,,452.86841,317.29079,2.99643,36.73302,9.02523,1.95013,12.33010,39.85195,1.61500,0.15552
5/31/2012,1558.00," 82,614,833 "," 2,571.95 "," $128,713,909,628 ",1527.72655,105.69199,82.01089,,0.73915,,435.57917,317.19149,2.99444,36.29060,9.56541,1.96151,11.67307,38.75213,1.61500,0.15552
6/29/2012,1598.50," 83,857,537 "," 2,609.91 "," $134,046,272,225 ",1541.76960,105.72709,86.09653,,0.73915,,444.10493,327.47880,2.93703,36.29060,9.32306,1.86458,11.62360,40.18765,1.61500,0.15552
7/31/2012,1622.00," 83,473,078 "," 2,597.55 "," $135,393,332,681 ",1516.18719,105.87439,85.77131,,0.73915,,444.91026,337.81162,2.99981,37.17225,9.18798,1.88893,11.98238,41.25901,1.61500,0.15552
8/31/2012,1648.50," 85,825,622 "," 2,670.65 "," $141,483,538,471 ",1559.42522,106.22248,92.24015,,0.78335,,455.49293,350.91874,2.93539,36.28796,9.04029,1.70650,11.85540,41.96839,1.61500,0.15552
9/28/2012,1776.00," 88,459,385 "," 2,751.99 "," $157,103,867,387 ",1608.90636,106.67507,96.66321,,0.83145,,461.60591,369.92123,3.00362,36.28796,8.39128,0.99328,12.69514,44.24557,1.61500,0.15552
10/31/2012,1719.00," 89,970,847 "," 2,799.69 "," $154,659,886,586 ",1633.38702,106.91163,99.93536,,0.80858,,466.63812,381.09911,2.98868,39.16306,8.66952,0.86360,12.98210,44.47051,1.61500,0.15552
11/30/2012,1726.00," 90,986,422 "," 2,831.21 "," $157,042,564,694 ",1652.71016,107.00044,101.25566,,0.82382,,468.77221,389.54356,3.07295,38.41291,8.63436,0.92644,13.47228,44.81719,1.61500,0.15552
12/31/2012,1657.50," 91,251,402 "," 2,839.93 "," $151,249,198,646 ",1658.46944,107.72751,103.98929,,0.80087,,468.20775,387.79558,3.09444,39.44649,8.99120,0.94302,13.53023,45.16315,1.61500,0.15552
1/31/2013,1664.75," 90,631,941 "," 2,820.53 "," $150,879,523,234 ",1638.26060,108.06222,105.38925,,0.80168,,464.04639,389.08158,3.07096,40.67107,8.95204,1.01709,13.53788,45.86998,1.61500,0.15552
2/28/2013,1588.50," 87,074,820 "," 2,710.97 "," $138,318,351,262 ",1559.53054,107.24354,104.34512,,0.90802,,449.68033,373.56031,3.06607,42.05022,9.38175,1.08640,13.45597,44.89327,1.61500,0.15552
3/28/2013,1598.25," 85,448,722 "," 2,659.87 "," $136,568,419,190 ",1523.39661,107.40913,101.63793,0.07516,0.90569,,442.67193,368.24785,3.06243,42.05022,9.32452,1.08640,13.35025,44.87942,1.61500,0.15552
4/30/2013,1469.00," 79,561,839 "," 2,476.79 "," $116,876,340,851 ",1363.24264,107.22883,102.61394,0.07516,0.88592,,425.89047,359.96098,3.02157,40.88369,10.14494,1.10305,13.14715,47.38839,1.04500,0.15552
5/31/2013,1394.50," 74,993,652 "," 2,335.30 "," $104,578,647,265 ",1287.46366,105.39804,100.65337,0.11350,0.86677,,395.04278,329.32521,3.06607,42.11996,10.68692,1.06220,12.34577,46.04999,0.95000,0.15552
6/28/2013,1192.00," 71,589,542 "," 2,231.27 "," $85,334,733,997 ",1233.21033,105.12929,100.93544,0.11350,0.82908,,369.84012,306.77015,2.92550,42.11996,12.50244,0.93234,12.01530,42.43074,1.35975,0.15552
7/31/2013,1314.50," 69,385,102 "," 2,163.27 "," $91,206,716,751 ",1190.42011,104.43001,91.04089,0.02576,0.84305,,366.87123,293.47316,5.09763,43.22381,11.33732,1.06084,11.37431,42.65562,1.25580,0.15552
8/30/2013,1394.75," 68,713,739 "," 2,140.71 "," $95,838,487,126 ",1183.03977,103.54740,91.52354,0.02576,0.86841,,363.05781,284.86734,4.16139,43.22381,10.68500,1.03993,10.89652,42.52156,1.25560,
9/30/2013,1326.50," 67,771,740 "," 2,112.40 "," $89,899,213,653 ",1166.68093,105.75723,94.10449,0.02576,0.84632,,357.95110,278.05985,4.54463,38.61272,11.23476,0.96440,10.91611,41.54678,1.15696,
10/31/2013,1324.00," 66,162,090 "," 2,062.01 "," $87,598,607,349 ",1126.26168,105.33828,94.84955,0.05174,0.85796,0.08327,355.39636,271.99351,4.53704,36.61008,11.25597,0.96312,10.87734,41.77259,1.15816,
11/29/2013,1253.00," 64,646,977 "," 2,015.41 "," $81,002,662,424 ",1094.02738,105.27783,91.83330,0.07699,0.84408,0.09322,347.09304,268.51966,4.66273,36.61008,11.89378,0.94746,10.73858,41.87928,0.91442,
12/31/2013,1204.50," 61,817,349 "," 1,927.95 "," $74,458,996,525 ",1041.04760,104.38281,88.32789,0.41568,0.83879,0.09353,329.42630,252.96648,5.02743,39.18659,12.37269,0.96000,10.72330,41.26498,0.91626,
1/31/2014,1251.00," 60,801,219 "," 1,896.16 "," $76,062,325,073 ",1032.47967,102.54634,88.40440,0.41568,0.67403,0.09339,313.78918,251.37241,4.27110,36.63829,11.91280,0.93144,10.47198,41.25068,0.91354,
2/28/2014,1326.50," 60,987,797 "," 1,901.33 "," $80,900,313,330 ",1041.23308,102.08468,91.13634,0.36568,0.68132,0.09379,311.10901,251.84764,3.99581,34.98171,11.23476,0.90797,10.11014,40.63887,0.91300,
3/31/2014,1291.75," 61,403,865 "," 1,914.57 "," $79,318,443,135 ",1051.74486,102.00850,94.73928,0.36568,0.66867,0.09384,306.30147,256.76341,3.82411,34.67359,11.53699,0.85815,10.15530,40.02613,0.81300,
4/30/2014,1288.50," 60,484,061 "," 1,885.92 "," $77,933,712,804 ",1025.71157,102.05319,95.12270,0.36568,0.68427,0.09389,303.63285,257.49187,3.72180,32.71249,11.56609,0.87565,10.13243,40.85131,0.90700,
5/30/2014,1250.50," 60,240,876 "," 1,878.81 "," $75,331,215,709 ",1022.92520,102.04023,96.10411,0.36444,0.67971,0.09387,297.96040,256.71653,3.73337,32.71249,11.91756,0.86163,10.11453,41.67586,0.90700,
6/30/2014,1315.00," 60,182,202 "," 1,875.91 "," $79,139,595,928 ",1029.54255,101.84707,95.83695,0.36444,0.68976,0.10557,291.70560,253.07346,3.77247,33.49181,11.33301,0.89544,10.10693,42.14042,1.00100,
7/31/2014,1285.25," 60,506,306 "," 1,886.03 "," $77,765,729,748 ",1041.83254,101.56713,96.43803,0.10043,0.70281,0.10649,289.14386,256.33828,3.79810,30.37692,11.59534,0.84314,10.27106,41.94901,0.97100,
8/29/2014,1285.75," 60,158,605 "," 1,875.22 "," $77,348,926,877 ",1034.28320,100.82776,98.22988,0.10043,0.69805,0.09452,285.29063,259.81103,3.87745,30.37692,11.59083,0.76758,10.19063,38.10832,0.97100,
9/30/2014,1216.50," 58,867,171 "," 1,835.70 "," $71,611,913,958 ",1007.17798,100.47549,98.14387,0.10043,0.69710,0.09398,278.26853,251.65100,4.14671,31.74262,12.25065,0.77122,10.15431,39.05140,0.97100,
10/31/2014,1164.25," 57,590,378 "," 1,796.44 "," $67,049,597,479 ",975.82820,100.39599,97.93427,0.10043,0.68995,0.09829,267.85925,254.82499,4.32189,29.76491,12.80044,0.75028,10.17811,40.11385,0.78300,
11/28/2014,1182.75," 56,495,154 "," 1,762.32 "," $66,819,642,946 ",951.44737,99.81798,97.01863,0.12543,0.69286,0.09765,262.51200,256.00553,4.30632,29.76491,12.60022,0.78807,9.86663,36.39741,0.87700,
12/31/2014,1206.00," 55,906,754 "," 1,743.69 "," $67,423,545,545 ",942.54034,98.78961,91.72809,0.12543,0.68031,0.09692,256.24263,261.35433,4.34692,29.62889,12.35731,0.76724,9.56103,34.59242,0.87700,
1/30/2015,1260.25," 57,852,499 "," 1,803.84 "," $72,908,611,414 ",998.00163,98.17003,94.53848,0.12543,0.70186,0.09768,250.70328,270.91645,4.05774,29.62889,11.82536,0.77376,9.58623,33.83477,0.87700,
2/27/2015,1214.00," 58,453,185 "," 1,822.79 "," $70,962,166,832 ",1008.88280,98.13493,97.13588,0.12543,0.71498,0.09667,248.50998,282.81045,4.15552,27.99554,12.27587,0.75014,9.33928,31.07888,0.78300,
3/31/2015,1187.00," 56,731,211 "," 1,770.00 "," $67,339,947,054 ",970.65242,97.97747,100.43633,0.33842,0.70811,0.09672,247.53929,262.89611,5.91849,29.52487,12.55511,0.76822,9.09206,30.70999,0.78300,
4/30/2015,1180.25," 56,848,620 "," 1,773.64 "," $67,095,583,341 ",973.35942,98.22299,102.34681,0.33844,0.70289,0.09930,247.08614,265.71535,5.99172,27.71203,12.62691,0.78129,9.14699,28.73162,0.78300,
5/29/2015,1191.40," 56,256,736 "," 1,755.53 "," $67,024,275,338 ",950.92094,98.02075,105.32071,0.32645,0.70787,0.09720,250.28734,264.67763,5.84234,27.71203,12.50874,0.75528,9.13157,28.43678,0.78300,
6/30/2015,1171.00," 55,990,693 "," 1,748.77 "," $65,565,101,562 ",946.78137,98.05697,107.04994,0.32645,0.70598,0.09758,249.42945,261.04025,7.15988,27.64045,12.72665,0.72805,8.92902,27.41353,0.68300,
7/31/2015,1098.40," 53,682,994 "," 1,677.12 "," $58,965,400,073 ",901.83879,97.75007,105.33352,0.41331,0.70383,0.09557,245.10092,241.36864,7.14632,27.00050,13.56783,0.71935,8.83965,26.62963,0.60800,
8/31/2015,1135.00," 53,905,275 "," 1,683.25 "," $61,182,487,668 ",910.20251,97.80796,102.45023,0.41331,0.69609,0.09633,240.58716,246.64583,9.77611,26.62203,13.13032,0.74241,8.58181,24.89323,0.60800,
9/30/2015,1114.00," 53,952,557 "," 1,684.90 "," $60,103,148,684 ",914.48402,97.77589,102.43634,0.41331,0.69934,0.09784,237.08648,243.17086,9.52034,26.05967,13.37784,0.72270,8.61933,29.91647,0.51500,
10/30/2015,1142.35," 54,236,328 "," 1,693.13 "," $61,956,869,587 ",919.16393,97.84673,102.70599,0.41331,0.71238,0.09749,234.12148,249.28912,9.33772,26.05967,13.04584,0.69758,8.62625,30.50186,0.51500,
11/30/2015,1061.90," 52,809,799 "," 1,649.44 "," $56,078,725,714 ",878.47015,97.05396,102.16672,0.41331,0.71138,0.09641,232.74397,246.80218,10.75558,26.19320,14.03419,0.69244,8.60054,30.19398,0.51500,
12/31/2015,1060.00," 51,780,431 "," 1,618.59 "," $54,887,257,254 ",859.16442,96.75156,100.82555,0.41331,0.70576,0.09716,227.76146,240.37372,12.88016,26.43540,14.05935,0.70711,8.66811,29.23195,0.51500,
1/29/2016,1111.80," 53,604,472 "," 1,687.34 "," $59,597,451,647 ",920.65913,74.59736,102.10205,0.41331,0.70280,0.09699,242.00472,251.26932,13.78360,29.23200,13.40431,0.70434,8.62878,29.22267,0.51500,
2/29/2016,1234.90," 59,991,749 "," 1,884.35 "," $74,083,811,340 ",1050.96221,74.82269,118.77690,0.53628,0.69663,0.08575,245.09386,296.00712,19.64521,26.52199,12.06811,0.66981,8.85262,29.09382,0.51500,
3/31/2016,1237.00," 62,667,332 "," 1,970.38 "," $77,519,489,492 ",1089.60833,75.61121,127.50582,0.53628,0.68049,0.09656,254.06159,314.03516,26.53861,26.22715,12.04762,0.64440,9.02368,33.24361,0.51500,
4/29/2016,1285.65," 62,922,393 "," 1,977.51 "," $80,896,175,068 ",1076.46583,75.98431,126.44341,0.52470,0.69998,0.09595,258.49726,330.64803,25.91928,25.88851,11.59173,0.63205,8.70765,34.89639,0.51920,
5/31/2016,1212.10," 65,918,275 "," 2,071.93 "," $79,899,541,251 ",1151.78726,75.13049,132.82226,0.78532,0.69386,0.09663,258.75351,338.01911,29.83293,26.43119,12.29512,0.59901,8.74944,35.41858,0.51920,
6/30/2016,1320.75," 69,976,974 "," 2,194.66 "," $92,422,088,281 ",1244.80077,75.50463,139.85973,0.95345,0.69919,0.10743,257.41802,361.22990,31.48486,25.33349,11.28367,0.62914,9.04093,35.79396,0.51920,
7/29/2016,1342.00," 72,406,585 "," 2,269.92 "," $97,169,637,509 ",1264.61379,75.97802,149.28040,0.99145,0.72458,0.10689,257.92005,393.67441,41.83176,25.20078,11.10500,0.59692,9.06837,38.30474,0.51920,
8/31/2016,1309.25," 73,383,427 "," 2,300.81 "," $96,077,251,337 ",1257.15916,75.99540,156.10394,2.56122,0.73243,0.10798,262.59832,416.61355,42.04583,24.72927,11.38278,0.59120,9.50966,40.16079,0.51920,
9/30/2016,1322.50," 74,526,618 "," 2,338.85 "," $98,561,452,343 ",1263.32404,76.26237,174.88038,5.14280,0.73447,0.11896,264.06125,425.64536,43.43132,24.84660,11.26874,0.39918,9.61082,38.60568,0.51920,
10/31/2016,1272.00," 75,348,279 "," 2,364.13 "," $95,843,011,454 ",1263.05567,76.23275,173.77805,6.63460,0.72960,0.11857,265.13437,443.74887,49.05113,24.67229,11.71612,0.40123,9.65994,38.65431,0.53760,
11/30/2016,1178.10," 71,681,587 "," 2,250.47 "," $84,448,077,267 ",1175.86484,76.16286,172.32328,6.23895,0.72768,0.13030,268.63807,424.16648,48.23445,20.34946,12.64995,0.13307,9.83859,34.49296,0.51920,
12/30/2016,1145.90," 69,619,526 "," 2,165.41 "," $79,777,014,972 ",1105.74463,75.76580,177.58141,6.00512,0.73800,0.14174,267.10164,399.13198,55.60788,20.63570,12.96088,0.14019,9.63472,33.70058,0.51903,
1/31/2017,1212.80," 69,951,218 "," 2,175.73 "," $84,836,836,590 ",1087.53562,75.88535,196.76290,3.51107,0.73123,0.13845,268.89642,409.97801,56.32239,20.22580,12.24989,0.13866,9.55868,33.27239,0.51920,
2/28/2017,1255.60," 72,799,427 "," 2,264.32 "," $91,406,960,463 ",1131.46133,75.76288,221.41031,3.44940,0.73885,0.16143,269.40969,427.04552,56.37504,19.69827,11.83233,0.13633,10.22646,36.04454,0.56290,
3/31/2017,1244.85," 72,776,411 "," 2,263.58 "," $90,595,715,377 ",1120.34902,75.53602,228.92854,3.48700,1.04826,0.16139,269.26566,436.94556,49.48181,19.44843,11.93451,0.13305,10.35614,35.94116,0.56502,
4/28/2017,1266.45," 73,507,008 "," 2,286.32 "," $93,092,950,807 ",1145.62911,75.43151,231.64654,3.89969,1.07775,0.16161,271.30078,434.54203,44.24750,19.44953,11.73096,0.13281,10.42513,36.10964,0.53894,
5/31/2017,1266.20," 73,874,459 "," 2,297.75 "," $93,539,839,640 ",1139.04466,75.31886,244.67660,4.04338,0.78149,0.18317,274.80344,439.52752,41.99501,19.32084,11.73327,0.13257,11.05097,34.57240,0.56831,
6/30/2017,1242.25," 74,777,787 "," 2,325.85 "," $92,892,706,515 ",1151.04728,75.39437,248.09348,4.14158,0.78057,0.18360,275.58331,445.20213,47.41366,19.37496,11.95948,0.13102,11.29986,34.67882,0.56504,
7/31/2017,1267.55," 72,595,339 "," 2,257.97 "," $92,018,221,754 ",1090.40874,76.71000,251.99629,4.07826,0.84435,0.18320,275.17049,435.07086,47.43927,18.99555,11.72078,0.13054,10.73957,33.91303,0.56650,
8/31/2017,1311.75," 73,736,482 "," 2,293.46 "," $96,723,830,727 ",1121.89674,76.03536,252.14310,4.14980,0.83582,0.18247,274.74056,443.00000,45.56305,18.53791,11.32584,0.12805,11.13579,33.31416,0.47230,
9/29/2017,1283.10," 75,379,476 "," 2,344.56 "," $96,719,405,442 ",1180.82624,76.15196,244.07203,3.99151,0.83228,0.19476,273.46730,444.44143,44.53502,18.67621,11.95728,0.12338,11.67611,33.14447,0.47381,
10/31/2017,1270.15," 75,492,145 "," 2,348.07 "," $95,886,347,911 ",1173.24199,76.00047,246.90920,5.91685,0.82955,0.19464,270.89538,453.50220,45.09413,18.71288,12.07919,0.12306,11.67021,32.46885,0.42955,
11/30/2017,1280.20," 75,786,202 "," 2,357.21 "," $97,021,495,682 ",1168.87355,74.94401,252.87226,6.18881,0.84143,0.20505,276.80605,457.13930,44.92083,18.63775,11.98437,0.12461,11.62674,31.62222,0.42739,
